кроссовки	1970316	
кроссовки мужские	281091	
купить кроссовки	214832	
кроссовки женские	155425	
с кроссовкой	127655	
кроссовки адидас	87353	
зимние кроссовки	86639	
кроссовки найк	80674	
купить мужские кроссовки	76021	
какие кроссовки	61704	
кроссовки nike	57074	
белые кроссовки	54830	
кроссовки оригинал	42091	
зимние кроссовки мужские	40686	
кроссовки adidas	36776	
подошва кроссовок	36135	
черные кроссовки	35418	
кроссовки бег	30565	
размер кроссовок	29790	
кроссовки для бега	29329	
бег кроссовки для бега	29326	
лучшие кроссовки	29050	
летние кроссовки	28843	
баскетбольные кроссовки	28456	
купить женские кроссовки	27735	
кроссовки пума	26537	
кроссовки ли	25735	
магазин кроссовок	25304	
new кроссовки	24465	
кроссовки можно	24280	
balance кроссовки	23944	
кроссовки new balance	23533	
беговые кроссовки	23116	
кроссовки 2026	22773	
кожаные кроссовки	21710	
лет кроссовки	21478	
кроссовки puma	21385	
2 кроссовка	21339	
кроссовком или кроссовкой	20380	
купить зимние кроссовки	20184	
кроссовки asics	19788	
модели кроссовок	19682	
кроссовки 3	19552	
1 кроссовка	19391	
высокие кроссовки	19206	
кроссовки асикс	19026	
кроссовки air	19022	
кроссовки адидас мужские	18965	
кроссовки нью	18101	
где кроссовка	17916	
озон кроссовки	17854	
бренды кроссовок	17771	
кроссовки москва	17375	
кроссовки цена	16510	
кроссовки баланс	16507	
кроссовки мужские оригинал	16044	
цвет кроссовок	15626	
волейбольные кроссовки	15547	
мужские кроссовки летние	15412	
оригинальные кроссовки	15234	
кроссовки нью баланс	15178	
кроссовки рибок	14852	
5 кроссовок	14478	
фото кроссовок	14408	
кроссовки оригинал купить	14296	
как называются кроссовки	14030	
детские кроссовки	13972	
спортивные кроссовки	13949	
кроссовки reebok	13889	
красные кроссовки	13845	
купить кроссовки адидас	13743	
баленсиага кроссовки	13647	
модные кроссовки	13615	
синие кроссовки	13593	
4 кроссовка	13337	
розовые кроссовки	13203	
джорданы кроссовки	13195	
купить зимние кроссовки мужские	13162	
кроссовки nike air	13088	
авито кроссовки	12941	
кроссовки самое	12910	
спортмастер кроссовки	12725	
обувь кроссовки	12663	
фирмы кроссовок	12526	
большие кроссовки	12290	
можно ли кроссовки	11948	
ношу кроссовки	11907	
кроссовки кеды	11619	
стоит кроссовок	11393	
стоящие кроссовки	11393	
топ кроссовок	11372	
зимние кроссовки женские	11178	
кроссовки найк мужские	10879	
ким кроссовки	10557	
машина кроссовка	10352	
кроссовки сер	10247	
серые кроссовки	10234	
кроссовки стиральная	10102	
без кроссовок	10063	
кожаные кроссовки мужские	10032	
кроссовки нова	10032	
новые кроссовки	9950	
премиата кроссовки	9929	
премиате кроссовки	9820	
сайт кроссовок	9793	
ким кардашян кроссовки	9727	
где купить кроссовки	9620	
кроссовки salomon	9251	
кроссовки для тенниса	9184	
кроссовки оне оне	8952	
кроссовки спб	8823	
premiata кроссовки	8807	
сколько стоят кроссовки	8791	
рафы кроссовки	8729	
кроссовки со	8573	
кроссовки yeezy	8530	
кроссовки в стиральной машине	8457	
кроссовки 6	8438	
кроссовки носки	8366	
красивые кроссовки	8317	
кроссовки туфли	8190	
кроссовки для волейбола	8171	
под кроссовка	8091	
кроссовки вайлдберриз	8070	
кроссовки черно белые	8059	
шнуровка кроссовок	8038	
кроссовки соломон	8012	
купить кроссовки мужские оригинал	7986	
купить кроссовки найк	7895	
кроссовки hoka	7894	
jordan кроссовки	7875	
jordan's кроссовки	7871	
купить летние кроссовки	7860	
рекламный кроссовок	7813	
зеленые кроссовки	7783	
демисезонные кроссовки	7682	
натуральные кроссовки	7466	
low кроссовки	7419	
кроссовки lower	7414	
джереми кроссовки	7386	
название кроссовок	7144	
скотты кроссовки	7111	
кроссовки для зала	7094	
кроссовки адидас мужские купить	7076	
ботинки кроссовки	7029	
кроссовки 2025	6961	
реклама кроссовок	6849	
озон кроссовки мужские	6848	
кроссовки gel	6777	
кроссовки число	6767	
голубые кроссовки	6633	
пара кроссовок	6633	
купить кожаные кроссовки	6626	
кроссовки аир	6625	
кроссовки мужские размер	6578	
купить кроссовки на озоне	6572	
кроссовки max	6532	
boosted кроссовки	6524	
белые кроссовки женские	6476	
какой кроссовки лучше	6431	
проверить кроссовки	6396	
белые кроссовки мужские	6394	
кроссовки россия	6335	
кроссовки лакост	6333	
кроссовки адидас оригинал	6300	
широкие кроссовки	6232	
замшевые кроссовки	6179	
кроссовки anta	6165	
кроссовки низкие	6126	
виды кроссовок	6118	
кроссовки black	6085	
7 кроссовок	6004	
популярные кроссовки	5985	
теннисные кроссовки	5978	
кроссовки 1 2	5960	
джереми скотт кроссовки	5910	
кроссовки найк женские	5905	
кроссовки asics gel	5895	
кроссовки 10	5886	
коричневые кроссовки	5882	
кроссовки yeezy boost	5875	
кроссовки адидас женские	5863	
купить кроссовки спб	5863	
ламода кроссовки	5847	
треккинговые кроссовки	5832	
кроссовки для мальчика	5777	
кроссовки сетка	5770	
кроссовки ecco	5764	
кроссовки на валберис	5743	
желтые кроссовки	5733	
кроссовки mizuno	5690	
кроссовки на проводах	5615	
кроссовки air max	5605	
кроссовки v2	5551	
купить летние кроссовки мужские	5544	
нужны кроссовки	5512	
кроссовки бразилия	5505	
кроссовки 2018	5502	
модные кроссовки 2026	5490	
кроссовки 350	5484	
кроссовки женские оригинал	5477	
кроссовки для баскетбола	5418	
легкие кроссовки	5402	
кроссовки 8	5396	
кроссовки черные мужские	5394	
кроссовки для девочки	5392	
завязать кроссовки завязывать	5380	
кроссовки li	5372	
кроссовки мужские москва	5335	
кроссовки gtx	5334	
кроссовки ела	5262	
ning кроссовки	5260	
кроссовки пума мужские	5260	
li ning кроссовки	5211	
кроссовки yeezy 350	5208	
кроссовки 350 boost	5184	
кроссовки рибок мужские	5179	
украл кроссовки	5178	
кроссовки анта	5166	
кроссовки yeezy boost 350	5158	
футболки кроссовки	5134	
кроссовки видео	5108	
купить кроссовки nike	5081	
ким кардашян для рекламной кампании кроссовок yeezy	5078	
кроссовки fila	5072	
кроссовки m	5054	
домашние кроссовки	5051	
кроссовки экко	5029	
стили кроссовок	4977	
обзор кроссовок	4975	
кроссовки 350 v2	4974	
кроссовки найк оригинал	4969	
песня кроссовки	4945	
кроссовки yeezy 350 v2	4939	
кроссовки boost 350 v2	4934	
интернет кроссовок	4932	
кроссовки мужские бег	4926	
кроссовки yeezy boost 350 v2	4919	
высокие кроссовки мужские	4905	
кроссовки для бега мужские	4877	
balenciaga кроссовки	4856	
авито купить кроссовки	4852	
кроссовки баланс мужские	4835	
кроссовки 2 3	4804	
nike кроссовки мужские	4766	
разные кроссовки	4745	
кроссовки нью мужские	4733	
кроссовки мужские купить в москве	4718	
как стирать кроссовки	4701	
кроссовки 2018 год	4700	
рейтинг кроссовок	4697	
утепленные кроссовки	4695	
кроссовки для фитнеса	4693	
кроссовки найк аир	4679	
кроссовки женские 2026	4653	
кроссовки yeezy boost 350 v2 butter	4634	
кроссовки с мехом	4590	
как зашнуровать кроссовки	4571	
одежда кроссовки	4570	
кроссовки 1 1 3	4531	
кроссовки нью баланс мужские	4472	
кроссовки nike max	4448	
tex кроссовки	4433	
удобная кроссовка	4413	
кроссовки дорога	4409	
кроссовки nike air max	4401	
можно стирать кроссовки	4388	
кроссовки летние женские	4371	
демисезонные кроссовки мужские	4344	
кроссовки в домашних условиях	4333	
формы кроссовок	4332	
теплые кроссовки	4283	
как завязать кроссовки	4262	
как завязывать кроссовки	4262	
кроссовки х	4262	
купить оригинальные кроссовки	4232	
купить кожаные кроссовки мужские	4232	
кроссовки pro	4221	
кроссовки under	4203	
в черных кроссовках	4196	
интернет магазин кроссовок	4186	
кроссовки w	4183	
кроссовки из кожи	4182	
кроссовки gore	4182	
кроссовки тренд	4182	
кроссовки валентино	4178	
кроссовки форсы	4176	
armour кроссовки	4168	
дутые кроссовки	4161	
бежевые кроссовки	4161	
air 1 кроссовки	4129	
кроссовки gore tex	4126	
кроссовки under armour	4099	
кроссовки mid	4075	
361 кроссовки	4069	
кроссовки на платформе	4067	
заказать кроссовки	4066	
кроссовки force	4053	
кроссовки черные женские	4016	
запах кроссовок	4013	
adidas кроссовки мужские	4010	
кроссовки 3 4	3999	
какие кроссовки подходят	3986	
лучшие мужские кроссовки	3984	
дышащие кроссовки	3968	
брендовые кроссовки	3936	
дорогие кроссовки	3929	
мизуна кроссовки	3927	
какого цвета кроссовки	3916	
зимние кроссовки адидас	3906	
кроссовки 4 2 4	3896	
купить кроссовки на вайлдберриз	3884	
кроссовки с крыльями	3882	
кроссовки штаны	3849	
китайские кроссовки	3842	
кроссовки 9	3826	
кроссовки симонс	3822	
купить кроссовки пума	3812	
balance мужские кроссовки	3805	
кроссовки air jordan	3801	
купить белые кроссовки	3799	
кроссовки zoom	3788	
вайлдберриз кроссовки мужские	3786	
ноги в кроссовках	3783	
купить кроссовки нью	3771	
три кроссовка	3760	
кроссовки new мужской	3760	
убери кроссовки	3757	
кроссовки минск	3748	
кроссовки асикс мужские	3745	
балансы кроссовки купить	3743	
бело синие кроссовки	3735	
авито кроссовки мужские	3728	
кроссовки на лето	3716	
чьи кроссовки	3710	
кроссовки new balance мужские	3710	
кроссовка про	3708	
кампусы кроссовки	3677	
какие кроссовки носить	3675	
кроссовки 574	3669	
раф симонс кроссовки	3667	
кроссовки мизуно	3665	
кроссовки женские кожаные	3655	
кроссовки ролики	3644	
кроссовки беговые мужские	3623	
стирают ли кроссовки	3619	
какие кроссовки выбрать	3610	
тактические кроссовки	3600	
старые кроссовки	3573	
оранжевые кроссовки	3573	
можно купить кроссовки	3571	
кроссовки на весну	3565	
кроссовки skechers	3555	
кроссовки скетчерс	3553	
on cloud кроссовки	3550	
озон кроссовки женские	3549	
как выбрать кроссовки	3543	
кроссовки ланвин	3534	
ланвины кроссовки	3534	
как пишется кроссовки	3532	
кроссовки air force	3519	
кроссовки пикабу	3518	
сейчас кроссовки	3516	
спортмастер кроссовки мужские	3515	
кроссовки nb	3509	
найден кроссовок	3508	
кроссовки найду	3507	
можно ли стирать кроссовки	3504	
красно белые кроссовки	3502	
1 nike кроссовки	3501	
какие кроссовки 2026	3499	
кроссовки в единственном	3494	
стирка кроссовок	3492	
недорогие кроссовки	3491	
купить мужские кроссовки на озон	3461	
каре кроссовки	3458	
купить кроссовки нью баланс	3452	
кроссовки puma мужские	3416	
женские кроссовки размеры	3396	
кроссовки lacoste	3395	
день кроссовок	3391	
кроссовки в единственном числе	3369	
кроссовки ходить	3360	
варианты кроссовок	3358	
натуральные мужские кроссовки	3352	
стирать кроссовки режим	3352	
на каком стирать кроссовки	3348	
кроссовки кари	3339	
коллекция кроссовок	3331	
кроссовки адидас оригинал мужские	3309	
кроссовки для ходьбы	3297	
максы кроссовки	3297	
мужские кроссовки цена	3278	
saucony кроссовки	3278	
одеваем кроссовки	3267	
ортопедические кроссовки	3267	
кроссовки 5 1 1	3261	
кроссовки белый цвет	3228	
коллаборация кроссовок	3227	
кроссовки с джинсами	3224	
40 кроссовок	3216	
купить баскетбольные кроссовки	3212	
премиата кроссовки мужские	3203	
премиате мужские кроссовки	3198	
филе кроссовки	3192	
кроссовки фила	3189	
nike force кроссовки	3188	
имена кроссовок	3185	
что значит кроссовки	3184	
похожи кроссовки	3159	
какие кроссовки купить	3150	
оригинальность кроссовок	3148	
nike кроссовки женские	3144	
кроссовки пума женские	3128	
купить кроссовки adidas	3114	
номер кроссовок	3112	
купить кроссовки асикс	3087	
длинные кроссовки	3079	
кроссовки tiger	3072	
кроссовки nike low	3072	
кроссовки женские нью	3067	
кроссовки 13	3059	
bmai кроссовки	3056	
мужские кож кроссовки	3044	
описание кроссовок	3037	
мужские кроссовки на валберис	3035	
резиновые кроссовки	3024	
кроссовки подошве мужские	3018	
кроссовки каталог	3012	
шнурки для кроссовок	3012	
модные женские кроссовки	2991	
кроссовки луи	2981	
кроссовки demix	2980	
кроссовки производители	2978	
on run кроссовки	2977	
on running кроссовки	2977	
кроссовки демикс	2974	
кроссовки 12	2969	
nike кроссовки zoom	2964	
кроссовки kappa	2960	
кроссовки купить магазин	2958	
надел кроссовки	2954	
надеть кроссовку	2954	
кроссовки женские бег	2953	
кроссовки nike air 1	2947	
кроссовки фильм	2946	
кроссовки баланс женские	2943	
кроссовки 2000	2940	
женские кроссовки для бега	2922	
кроссовки wave	2912	
зимние кроссовки с мехом	2909	
купить кроссовки премиата	2899	
кроссовки для бела	2899	
кроссовки очень	2898	
кроссовки balance купить	2884	
кроссовки nike air force	2870	
кроссовки на английском	2870	
фиолетовые кроссовки	2869	
кроссовки артикул	2865	
кроссовки s	2854	
как завязать шнурки на кроссовках	2853	
как завязывать шнурки на кроссовках	2853	
купить кроссовки на валберис	2851	
купить кроссовки new	2848	
кроссовки 41	2834	
кроссовки 39	2831	
кроссовки terrex	2830	
продать кроссовки	2828	
кроссовки ростов	2821	
кроссовки найк белые	2821	
р кроссовок	2821	
как постирать кроссовки	2820	
кроссовки нью баланс женские	2817	
мужские кроссовки asics	2813	
кроссовки onitsuka	2810	
купить кроссовки new balance	2807	
кроссовки екатеринбург	2796	
кроссовки коламбия	2793	
купить кроссовки рибок	2786	
кроссовки ромика	2780	
темные кроссовки	2780	
кроссовки force 1	2778	
кроссовки картинки	2771	
цены кроссовки оригинал	2771	
кроссовки 11	2768	
кроссовки быстро	2765	
кроссовки в моде	2758	
бело голубой кроссовок	2756	
кроссовки из натуральной кожи	2756	
кроссовки рисунок	2748	
материал кроссовок	2744	
кроссовки reebok мужские	2727	
высокие кроссовки женские	2725	
кроссовки разных цветов	2715	
твои кроссовки	2710	
premiata кроссовки мужские	2708	
кроссовка ru	2708	
onitsuka tiger кроссовки	2703	
кроссовки повседневные	2698	
лучшие кроссовки для бега	2698	
цвет кроссовка разными цветами	2695	
кроссовки разного цвета	2693	
пришли кроссовки	2692	
кроссовки цвет синий	2688	
кроссовки род	2688	
dunk кроссовки	2686	
дешевые кроссовки	2685	
купить кроссовки найк мужские	2683	
кроссовки ones	2679	
кроссовки бона	2678	
ни кроссовки	2675	
высокие зимние кроссовки	2672	
купить кроссовки адидас оригинал	2662	
кроссовки никиты	2655	
кроссовки тренд 2026	2653	
на каком режиме стирать кроссовки	2650	
кроссовки без шнурков	2650	
модели кроссовок адидас	2644	
кроссовки шорты	2642	
какая модель кроссовок	2626	
кроссовки air force 1	2624	
классические кроссовки	2623	
крутые кроссовки	2621	
кроссовки гола	2619	
кроссовки 16	2619	
42 кроссовки	2617	
кроссовки с шипами	2617	
купить кроссовки натуральные	2614	
кроссовки найк джордан	2613	
кроссовки ефремов	2611	
кроссовки 38	2608	
strobbs кроссовки	2608	
мальчик украл кроссовки	2602	
кроссовки 2026 мужские	2589	
45 кроссовки	2584	
осенние кроссовки	2576	
отличить кроссовки	2572	
типы кроссовок	2570	
антеи кроссовки	2557	
кроссовки на липучках	2556	
купить зимние кроссовки женские	2545	
кроссовки гуччи	2539	
какие кроссовки можно	2520	
кроссовки 43	2519	
кроссовки мягкие	2518	
кроссовки рубашки	2514	
можно стирать кроссовки в стиральной	2508	
runners кроссовки	2501	
кроссовки off	2500	
кроссовки для спорта	2491	
trail кроссовки	2485	
кроссовки для тренировок	2481	
кроссовки рабочие	2471	
кроссовки реплика	2465	
красно синие кроссовки	2453	
кроссовки аир макс	2450	
кроссовки куртка	2449	
кроссовки new женские	2448	
balance кроссовки женские	2447	
кроссовки original	2446	
какие кроссовки мужские	2444	
joma кроссовки	2444	
кроссовки merrell	2440	
кроссовки соломон мужские	2439	
кроссовки сникерсы	2439	
кроссовки см	2437	
где оригинальные кроссовки	2435	
покажи кроссовок	2433	
кроссовки new balance женские	2430	
кроссовки maison	2428	
какие кроссовки сейчас	2425	
известные кроссовки	2424	
кроссовки 500	2424	
кроссовки scott	2391	
светлые кроссовки	2382	
кроссовки qc	2378	
кроссовки в стиральной машине можно	2377	
баланс кроссовки оригинал	2366	
кроссовки ванс	2364	
магазин мужских кроссовок	2363	
кроссовки играть	2356	
кроссовки nike force 1	2354	
слова из слова кроссовки	2354	
мир кроссовок	2351	
кроссовки нью оригинал	2350	
как стирать кроссовки в стиральной	2349	
кроссовки 2.0	2349	
кроссовки dc	2346	
купить волейбольные кроссовки	2342	
спортмастер кроссовки женские	2338	
кроссовки 46	2332	
где можно купить кроссовки	2330	
кроссовки подошва какая	2321	
кроссовки с цветами	2315	
кроссовки мужские отзывы	2310	
кожаные зимние кроссовки	2300	
кроссовки на вб	2300	
женские кроссовки puma	2296	
никита ефремов кроссовки	2295	
кроссовки траки	2294	
как правильно кроссовкой или кроссовком	2289	
кроссовок или кроссовка как правильно	2289	
какие женские кроссовки	2281	
зачем кроссовки	2280	
кроссовки 37	2270	
весы кроссовки	2269	
кроссовки джинс	2266	
lite кроссовки	2254	
чем отличаются кроссовки	2247	
raf кроссовки	2246	
кроссовки нью баланс оригинал	2245	
зимние кроссовки мужские адидас	2240	
кроссовки беговые женские	2238	
виттон кроссовки	2237	
мужская обувь кроссовки	2237	
simons кроссовки	2236	
авито кроссовки женские	2235	
вес кроссовок	2234	
луи виттон кроссовки	2233	
кроссовки nike air force 1	2231	
белые кожаные кроссовки	2227	
кроссовки красного цвета	2224	
белые кроссовки адидас	2222	
модели кроссовок найк	2219	
кроссовки мало	2219	
off white кроссовки	2215	
кроссовки хока	2213	
кроссовки дому	2208	
купить кроссовки на вайлдберриз мужские	2206	
какие кроссовки в моде	2205	
купить кроссовки демисезонные	2204	
стирают ли кроссовки в стиральной	2203	
кроссовки 20	2202	
размеры зимние кроссовки	2201	
кроссовки для настольного	2198	
пойзон кроссовки	2197	
nike jordan кроссовки	2192	
можно стирать в машине кроссовки	2191	
raf simons кроссовки	2187	
куплю кроссовки высокие	2184	
кроссовки 36	2178	
кроссовки для настольного тенниса	2175	
кроссовки на высокой подошве	2175	
скачать кроссовки	2169	
натуральные зимние кроссовки	2169	
черные кроссовки джинсы	2167	
самбы кроссовки	2155	
кроссовки с мехом мужские	2154	
можно ли стирать кроссовки в стиральной	2154	
марджела кроссовки	2153	
марджелы кроссовки	2153	
подошва женских кроссовок	2153	
с чем носить кроссовки	2146	
можно стирать кроссовки в стиральной машине	2142	
кроссовки бег купить	2135	
авито купить кроссовки мужские	2132	
другие кроссовки	2132	
кроссовки экко мужские	2130	
кроссовки лининг	2130	
купить черные кроссовки	2129	
найк кроссовки черных	2126	
черные кроссовки найк	2126	
какие 2 кроссовки	2119	
кроссовки черная подошва	2119	
подошва зимних кроссовок	2119	
летние дышащие кроссовки	2118	
модели мужской кроссовки	2115	
как стирать кроссовки в машине	2109	
кроссовки женские на вайлдберриз	2108	
кроссовки mizuno wave	2107	
купить кроссовки для бега	2106	
кроссовки краснодар	2103	
кроссовки на зиму	2102	
кроссовки садовод	2101	
утепленные кроссовки мужские	2098	
кроссовки columbia	2090	
кроссовки 3 купить	2087	
как стирать кроссовки в стиральной машине	2085	
туфле ботинки кроссовки	2083	
код кроссовок	2083	
производство кроссовок	2075	
купить кроссовки баланс мужские	2075	
кроссовки для спортзала	2070	
кроссовки balance 574	2067	
кроссовки больших размеров	2067	
кроссовки new 574	2066	
как выглядят кроссовки	2066	
купить женские кроссовки оригинал	2062	
кроссовки новосибирск	2061	
кроссовки new balance 574	2055	
образы с кроссовками	2052	
кроссовки розовые женские	2049	
тапочки кроссовки	2048	
хочу кроссовок	2046	
кроссовки 9060	2044	
продажа кроссовок	2039	
купить кроссовки asics	2033	
кроссовки nike dunk	2032	
джинсы белые кроссовки	2031	
вайты кроссовки	2030	
кроссовки голубого цвета	2029	
что означает кроссовки	2028	
кроссовки рики	2026	
данки кроссовки	2023	
altra кроссовки	2020	
кроссовок 2 купить	2019	
кроссовки лакоста мужские	2019	
женские кроссовки кожи	2019	
четыре кроссовка	2017	
фирменные кроссовки	2017	
кроссовки в стиральной машине можно ли	2017	
стильные кроссовки	2013	
зимние кроссовки на озон	2013	
зимние кроссовки найк	2012	
кроссовки 18	2010	
кроссовки б	2008	
кроссовки тапки	2004	
кроссовки на каждый	2000	
кроссовки унисекс	1997	
ламода кроссовки мужские	1996	
кроссовки с полосками	1991	
какие баскетбол кроссовки	1989	
margiela кроссовки	1988	
кроссовки 80	1987	
летние кроссовки адидас	1987	
кроссовки оптом	1984	
кроссовки внутри	1983	
премиата кроссовки женские	1978	
кроссовки номер 1	1976	
купить мужские кроссовки нью	1972	
смотрел кроссовки	1972	
кроссовки дышащие мужские	1970	
кроссовки 530	1969	
кроссовки бег зима	1967	
кроссовки диор	1964	
купить кроссовки 1	1963	
русские кроссовки	1963	
adidas originals кроссовки	1959	
кроссовки оригинал москва	1958	
кроссовки став	1957	
страна кроссовок	1956	
кроссовки женские натуральная	1955	
кроссовки lanvin	1955	
кроссовки premiata купить	1954	
бордовые кроссовки	1952	
покупаю кроссовки	1948	
купить кроссовки соломон	1947	
качественные кроссовки	1945	
кэжуал кроссовки	1943	
товар кроссовки	1943	
кроссовки бутсы	1942	
можно носить кроссовки	1934	
кроссовки поставь	1920	
кроссовки на каблуке	1918	
ремонт кроссовок	1917	
таблица кроссовок	1915	
кроссовки для бега зимой	1910	
непромокаемые кроссовки	1907	
какие белые кроссовки	1907	
кроссовки синие мужские	1902	
кроссовки нью баланс мужские купить	1900	
кроссовки c	1897	
кроссовки maison margiela	1896	
кроссовки для бадминтона	1895	
купить беговые кроссовки	1895	
кроссовки найк макс	1891	
кроссовки не скользящие	1889	
какие кроссовки для бега	1887	
кроссовки голден	1882	
trainers кроссовки	1881	
15 кроссовок	1881	
стирают ли кроссовки в стиральной машине	1879	
можно ли стирать кроссовки в машине	1878	
numeris кроссовки	1878	
кроссовка предложение	1877	
стиральная машина кроссовки режим	1877	
маленькие кроссовки	1874	
красно бело синие кроссовки	1874	
кроссовки женские москве	1873	
кроссовки волейбольные мужские	1872	
зимние кроссовки мужские с мехом	1871	
посмотреть кроссовки	1867	
кроссовки на ламоде	1867	
игры кроссовок	1864	
кроссовки adidas terrex	1861	
кроссовки nitro	1853	
сапоги кроссовки	1846	
кроссовки черного цвета	1846	
кроссовки classic	1846	
кроссовки каппа	1841	
джинсы футболки кроссовки	1841	
можно ли стирать в стиральной машине кроссовки	1838	
джорданы кроссовки мужские	1836	
самые дорогие кроссовки	1835	
кроссовки peak	1833	
размерная сетка кроссовок	1832	
какая стиральная машина стирает кроссовки	1832	
кроссовок кроссовок кроссовок 30	1830	
кроссовки адидас мужские оригинал купить	1826	
золотые кроссовки	1825	
кроссовки valentino	1823	
сине голубые кроссовки	1820	
модные кроссовки женские 2026	1820	
кроссовки классика	1815	
полу кроссовки	1813	
кроссовки пума мужские купить	1812	
кроссовки м	1809	
топ мужских кроссовок	1806	
классик кроссовки	1803	
кроссовки zx	1800	
история кроссовок	1800	
кроссовки 47	1798	
потеряла кроссовки	1796	
потерянный кроссовок	1796	
кроссовки cat	1795	
язык кроссовок	1793	
bona кроссовки	1789	
кроссовки для подростка	1789	
мужские кроссовки в спб	1789	
кроссовки мейсон	1786	
соревнования на кроссовках	1786	
босоножки кроссовки	1784	
стоимость кроссовок	1780	
тканевые кроссовки	1778	
кроссовки zoom air	1775	
белые кроссовки название	1769	
кроссовки крючком	1769	
кроссовки мода 2026	1765	
весенние кроссовки	1764	
нос кроссовки	1763	
короче кроссовки	1762	
длина кроссовок	1757	
купить кроссовки в минске	1756	
кроссовки для кроссфита	1755	
кроссовки elite	1754	
кроссовки адидас черные	1753	
тренажерный кроссовки	1750	
кроссовки puma x	1748	
adidas кроссовки женские	1747	
порно в кроссовках	1746	
asics кроссовки женские	1745	
кроссовки рибок женские	1743	
лучшие женские кроссовки	1741	
зимние кроссовки nike	1741	
кроссовки face	1740	
рейтинг мужских кроссовок	1734	
скидка кроссовка	1732	
модные мужские кроссовки	1729	
черно красные кроссовки	1725	
белая футболка белые кроссовки	1723	
купить кроссовки мужские на валберис	1722	
куплю кроссовки цена	1720	
купить кроссовки puma	1719	
us кроссовок	1714	
кроссовки north	1711	
взять кроссовки	1709	
кроссовки белле	1708	
кроссовки с белой подошвой	1705	
line кроссовки	1705	
lining кроссовки	1705	
ja кроссовки	1705	
логотип кроссовок	1704	
кроссовки для фитнеса женские	1703	
кроссовки найк мужские оригинал	1702	
где купить оригинальные кроссовки	1701	
кроссовки гус	1699	
кроссовки найк форсы	1697	
кроссовки изи	1697	
кроссовки dunk low	1696	
n кроссовки	1694	
какой кроссовки размер	1694	
кроссовки blue	1692	
кроссовки blues	1692	
кроссовки армани	1691	
кроссовки 39 размер	1689	
верх кроссовка	1687	
лучшие беговые кроссовки	1686	
дольче кроссовок	1684	
кроссовки мужские купить в спб	1683	
кроссовки vans	1680	
кроссовки 46 размер	1679	
кроссовки biom	1677	
оффы кроссовки	1675	
яркие кроссовки	1669	
как красиво зашнуровать кроссовки	1667	
кроссовки 44	1666	
кроссовки nike 2	1666	
кроссовки ash	1664	
кроссовки рф	1659	
кроссовки speed	1658	
кроссовки ultra	1656	
кроссовки 1000	1656	
кроссовки мехом купить	1654	
купить демисезонные кроссовки мужские	1654	
кроссовки изображение	1652	
кроссовки grey	1647	
кроссовки габбана	1644	
кроссовки цвет красно синие	1642	
какие кроссовки модные	1640	
кроссовки дольче габбана	1640	
баскетбольные кроссовки nike	1638	
кроссовки толстой	1637	
кроссовки geox	1632	
кроссовки асикс женские	1632	
кроссовки sport	1631	
кроссовки sports	1631	
acg кроссовки	1629	
кроссовки 26	1628	
кроссовки для женщин	1621	
кроссовки 42 размер	1620	
кроссовки в школу	1618	
ксения кроссовки	1615	
кроссовки найк аир макс	1614	
кроссовки d	1611	
платье с кроссовками	1607	
кроссовки yellow	1603	
retro кроссовки	1602	
кроссовки для детей	1599	
оригинальные кроссовки найк	1598	
кроссовки рикер	1598	
кроссовки yeezy 500	1598	
серые белые кроссовки	1595	
кроссовки девочке белый цвет	1593	
бегающие кроссовки	1592	
купить кроссовки рибок мужские	1591	
цвета кроссовок названия	1590	
офф вайт кроссовки	1590	
баскетбольные кроссовки найк	1587	
мужские кроссовки 2	1584	
кроссовки nike 3	1583	
salomon кроссовки мужские	1583	
лучшие баскетбольные кроссовки	1583	
голова кроссовок	1582	
кроссовки 40 размер	1581	
составляющие кроссовка	1580	
размер кроссовок 43 размера	1578	
кроссовки для волейбола мужские	1576	
кроссовки для асфальта	1575	
кроссовки оригинал купить в москве	1571	
самые лучшие кроссовки	1571	
качества кроссовок	1570	
брюки с кроссовками	1570	
кроссовки plein	1569	
магазин кроссовок в москве	1569	
голден гусы кроссовки	1564	
кроссовки спанч боб	1564	
кроссовки red	1561	
постирать кроссовки в машине	1558	
кроссовки 38 размер	1557	
костюм с кроссовками	1556	
тренды женских кроссовок	1556	
лучшие зимние кроссовки	1554	
кроссовки ecco мужские	1552	
белые кроссовки nike	1547	
купить кроссовки air	1547	
кроссовки идет	1546	
марки кроссовок	1541	
суперстары кроссовки	1539	
кроссовки мем	1539	
обувь кроссовки женские	1539	
5 размер кроссовок	1536	
зимние кожаные кроссовки мужские	1536	
кроссовки зима мужские	1535	
кроссовки обычные	1535	
кроссовки с пяткой	1534	
озон зимние кроссовки мужские	1534	
покупка кроссовок	1527	
термо кроссовки	1525	
какие самые кроссовки	1523	
кроссовки челябинск	1521	
через кроссовки	1521	
кроссовки премиата мужские купить	1519	
какие зимние кроссовки	1519	
женские кроссовки купить в москве	1519	
мама кроссовки	1518	
кроссовки адидас мужские летние	1516	
кроссовки светятся	1515	
светящиеся кроссовки	1515	
кроссовки nike оригинал	1514	
части кроссовок	1514	
названия разных кроссовок	1514	
кроссовки скоты	1511	
кроссовки как отличить подделку	1508	
кроссовки мужские фото	1508	
асиксы кроссовки оригинал	1508	
кроссовки гортекс	1507	
кроссовки для тренажерного зала	1506	
кроссовки puma nitro	1504	
носят ли кроссовки	1501	
купить натуральные кроссовки мужские	1501	
как отмыть кроссовки	1497	
кроссовки nike air jordan	1497	
кроссовки pegasus	1495	
кроссовки женские натуральная кожа	1492	
запрещенные кроссовки	1489	
профессиональные кроссовки	1489	
кроссовки с амортизацией	1485	
йен коннор реклама кроссовок	1484	
спортивные кроссовки мужские	1484	
кроссовки пума оригинал	1483	
название известных кроссовок	1483	
кроссовки 35	1483	
бюджетные кроссовки	1482	
зимние натуральные кроссовки мужские	1482	
кроссовки 45 размер	1479	
кроссовки кофта	1476	
кроссовки 23	1473	
карбоновые кроссовки	1469	
белые высокие кроссовки	1468	
российские кроссовки	1468	
кроссовки jeremy scott	1466	
кроссовки найк оригинал купить	1466	
оригинальные кроссовки адидас	1462	
кроссовки leather	1461	
кроссовки nike x	1461	
распродажа кроссовок	1458	
мужские летние дыши кроссовки	1457	
sneakers кроссовки	1452	
кроссовки high	1451	
какие кроссовки нужен	1451	
кроссовки патрули	1450	
погода кроссовка	1450	
кроссовки рядом	1450	
кроссовки мужские для тенниса	1449	
красные кроссовки мужские	1449	
убитые кроссовки	1446	
кроссовки для падел	1442	
кроссовки для падела	1442	
кроссовки терекс	1441	
найк кроссовки розовые	1440	
зимние кроссовки спортмастер	1437	
волейбольные кроссовки женские	1435	
кроссовки 41 размер	1435	
кроссовки b	1433	
акула в кроссовках	1429	
черно серые кроссовки	1429	
трейловые кроссовки	1428	
проверить кроссовки на оригинальность	1426	
кроссовки для зала женские	1422	
первый кроссовок	1420	
кроссовки мужские из натуральной кожи	1420	
первые кроссовки	1419	
зимние белые кроссовки	1416	
футболка шорты кроссовки	1416	
rs кроссовки	1415	
кроссовки тайгер	1415	
кроссовки 47 размер	1414	
купить детские кроссовки	1414	
как отбелить кроссовки	1413	
кроссовок оригами	1413	
кроссовки для большого тенниса	1412	
подойдут ли кроссовки	1412	
время кроссовки	1412	
высокие зимние кроссовки мужские	1410	
air кроссовки мужские	1410	
специальные кроссовки	1409	
кроссовки jordan 1	1408	
кроссовки будущего	1408	
кроссовки gt	1403	
кроссовки 750	1403	
топ кроссовок 2026	1401	
луков кроссовки	1401	
овенсы кроссовки	1401	
baasploa кроссовки	1401	
цвет мужских кроссовок	1401	
луки кроссовки	1400	
кроссовки fila мужские	1400	
трендовые кроссовки	1400	
ориг кроссовки	1399	
футбольные кроссовки	1399	
купить кроссовки из кожи	1396	
кроссовки г	1396	
кроссовки с коллаборациями	1395	
кроссовки натуральный мех	1395	
бирюзовый кроссовок	1393	
кроссовки с волосом	1393	
купить кроссовки женские на озон	1392	
кроссовки 0	1387	
скажи кроссовки	1386	
кроссовки the north face	1386	
рик овенс кроссовки	1385	
зимние кроссовки кожа	1381	
25 кроссовки	1378	
надо кроссовки	1376	
5 белые кроссовки	1374	
кроссовки или кросовки	1374	
босоногие кроссовки	1373	
кроссовки женские на валберис	1371	
как шнуровать кроссовки	1369	
купить мужские кроссовки асикс	1368	
мейсон марджела кроссовки	1368	
мейсон марджелы кроссовки	1368	
кроссовок 24	1368	
человек в кроссовках	1366	
кроссовки salomon gtx	1366	
кроссовки nike черные	1364	
кроссовки ромика купить	1362	
кроссовки рибок оригинал	1361	
diadora кроссовки	1361	
большие кроссовки мужские	1359	
классы кроссовок	1358	
купить кроссовки reebok	1354	
спортивные кроссовки женские	1354	
кроссовки с дырками	1353	
кроссовки nike air zoom	1352	
куплю кроссовки недорого	1352	
купить кроссовки для тенниса	1351	
кроссовки ссср	1350	
кроссовки new balance оригинал	1350	
купить зимние кроссовки на озоне	1345	
кроссовки на весну 2026	1345	
ким кардашян и йен коннор реклама кроссовок	1342	
зимние кроссовки оригинал	1342	
как почистить кроссовки	1341	
оригинальные мужские кроссовки	1339	
кроссовки лето мужские	1339	
мужские кроссовки 3	1338	
кроссовки philipp	1338	
кроссовки адидас самба	1334	
кроссовки 37 размер	1334	
дел кроссовки	1334	
зимние кроссовки бег	1333	
кроссовки для занятий	1333	
лучшие кроссовки для волейбола	1332	
кроссовки мужские интернет	1331	
кроссовки под джинсы	1330	
спортивные костюмы кроссовки	1330	
кроссовки баскетбольные мужские	1329	
черные кожаные кроссовки	1329	
дизайн кроссовок	1326	
кожаные кроссовки адидас	1326	
кроссовки для тенниса женские	1325	
кроссовки ральф	1325	
кроссовки стробс	1325	
кроссовки nike dunk low	1324	
premiata кроссовки женские	1323	
ламода кроссовки женские	1322	
кроссовки назад	1321	
купить хорошие кроссовки	1321	
ja 3 кроссовки	1318	
кроссовки 7 5	1315	
зимние кроссовки для бега	1313	
кроссовки дона	1313	
кроссовки 17	1313	
тонкие кроссовки	1313	
много кроссовок	1313	
чтобы кроссовки не скользили	1312	
купить кроссовки из натуральной кожи	1312	
подошва кроссовок как называется	1309	
кроссовки wmns	1309	
адидас терекс кроссовки	1308	
магазин женский кроссовки	1308	
каким режимом стирать кроссовки в стиральной машине	1306	
ромика кроссовки мужские	1305	
кроссовки philipp plein	1304	
к чему снятся кроссовки	1300	
кроссовки мужские 5	1300	
как постирать кроссовки в стиральной	1299	
кроссовки мяч	1299	
зимние кроссовки на валберис	1298	
1 пара кроссовок	1298	
on кроссовки официальный	1297	
арт кроссовок	1295	
кроссовки 3.0	1294	
купить кроссовки женские кожаные	1294	
самые популярные кроссовки	1294	
интернет магазинами кроссовками мужские	1293	
кроссовки t	1292	
магазин кроссовок цена	1286	
воняют кроссовки	1285	
джереми скот кроссовки	1285	
летние кроссовки на подошве	1285	
кроссовки 36 размер	1285	
кроссовки plode	1282	
купить кроссовки 4	1282	
волейбольные кроссовки asics	1274	
кроссовки ecco biom	1274	
модель кроссовок баскетбол	1273	
кроссовки чтоб	1271	
подошва кроссовок адидас	1270	
кроссовки самбо	1269	
летние туфли кроссовки	1269	
купить кроссовки джордан	1267	
кроссовки женские брендов	1267	
кроссовки фарадей	1266	
подобрать кроссовки	1266	
кроссовки коламбия мужские	1265	
кроссовки самара	1265	
кроссовки мужские hoka	1262	
кроссовки с юбкой	1261	
top кроссовок	1260	
кроссовки демисезонные женские	1258	
огромные кроссовки	1257	
зачем кроссовки на проводах	1257	
кроссовки 2 цветов	1256	
проверка кроссовок	1254	
ретро кроссовки	1247	
кроссовки на проводах в россии	1247	
кроссовки мыла	1246	
красиво завязывать кроссовки	1245	
кроссовки род существительного	1245	
купить кроссовки экко	1243	
часы кроссовки	1243	
зимние туфли кроссовки	1242	
расцветка кроссовок	1241	
кроссовки новгород	1241	
кроссовки благодаря баскетболу	1240	
купить женские кроссовки на вайлдберриз	1240	
кроссовок 2 цвета	1239	
лучшие кроссовки 2026	1238	
топ 10 кроссовок	1236	
кроссовки для зала мужские	1236	
площадь кроссовка	1235	
кроссовки sb	1234	
кроссовки adizero	1233	
бока кроссовки	1233	
кроссовки x plode	1233	
брендовые кроссовки мужские	1233	
кроссовки мужу	1232	
купить белые кроссовки мужские	1231	
кроссовки с молнией	1231	
кроссовки мужские gtx	1230	
кроссовки мужские 45	1230	
кроссовки nike white	1229	
кроссовки примера	1229	
gucci кроссовки	1228	
кроссовки как пишется правильно	1228	
кроссовки fly	1227	
кроссовки flying	1227	
яндекс кроссовки	1226	
изики кроссовки	1226	
кроссовки текста	1225	
купить теплые кроссовки	1225	
кроссовки nike pegasus	1222	
кроссовки на платформе женские	1221	
кроссовки гель	1221	
акронимы кроссовки	1221	
пинетки кроссовки	1220	
самые модные кроссовки	1218	
кроссовки 90 годов	1217	
on кроссовки официальный сайт	1215	
кроссовки красноярск	1213	
кроссовки зимние натуральные кожа	1212	
кроссовки аир мужские	1212	
кроссовки отцу	1211	
какие кроссовки в моде 2026	1209	
кроссовки онлайн	1207	
кроссовки разноцветные	1206	
кроссовки ростов на дону	1206	
купить кроссовки кожа мужские	1206	
кроссовки nike acg	1205	
og кроссовки	1205	
кроссовки мужские широкие	1203	
кроссовки ff	1202	
кроссовки adidas x	1202	
кроссовки после стирки	1200	
красиво шнурки на кроссовках	1200	
кроссовки стоили	1199	
кулоны кроссовки	1199	
серые кроссовки мужские	1199	
купить кроссовки в екатеринбурге	1197	
туфли на подошве кроссовок	1196	
кроссовки летние и зимние	1195	
цум кроссовки	1195	
кроссовки вишу	1194	
черно синие кроссовки	1194	
кроссовки air jordan 1	1192	
кроссовки появились благодаря баскетболу	1189	
кроссовки 4 цвета	1189	
кроссовки foam	1188	
кроссовки golden	1188	
трекинговые кроссовки	1187	
модель кроссовок благодаря баскетболу	1185	
самые кроссовки в мире	1183	
моющие кроссовки	1183	
кроссовком в глаз	1182	
белые летние кроссовки	1182	
темно синие кроссовки	1182	
кроссовки на широкую ногу	1181	
как постирать кроссовки в стиральной машине	1180	
кроссовки майкл	1179	
кроссовки петербург	1179	
кроссовки тренд 2026 женские	1178	
премиата кроссовки оригинал	1178	
кроссовки zig	1176	
кроссовки p	1175	
21 кроссовок	1174	
подростковые кроссовки	1172	
кроссовки sofa	1171	
кроссовки со звездой	1170	
nike модели кроссовок	1170	
алиса кроссовки	1170	
кроссовки для футбола	1170	
кроссовки на лето 2026	1168	
loewe кроссовки	1168	
фирмы мужских кроссовок	1167	
кроссовки кепка	1167	
дана кроссовки	1166	
кроссовки туфли тапки	1166	
кроссовки джой	1165	
купить зимние кроссовки адидас	1165	
купить фирм кроссовки	1165	
кроссовки 50	1163	
кроссовка программа	1161	
валберис зимние кроссовки мужские	1160	
купить кроссовки hoka	1159	
кроссовки с вставками	1159	
летние кроссовки на озон	1159	
какая модель кроссовок баскетбол	1158	
грязная кроссовка	1158	
кроссовки 2025 мужские	1157	
три полоски адидас кроссовки	1157	
кроссовки heelys	1157	
кроссовки асикс волейбольные	1156	
белые кроссовки можно	1155	
какая модель кроссовок появилась	1155	
кроссовки какая обувь	1151	
кроссовки spine	1151	
какие кроссовки появились благодаря баскетболу	1150	
магазин баскетбольных кроссовок	1150	
cat sofa кроссовки	1150	
кроссовки джей	1148	
баленсиага кроссовки мужские	1148	
задача кроссовки	1147	
баленсиага кроссовки женские	1147	
сколько стоят оригинальные кроссовки	1147	
самые удобные кроссовки	1147	
кроссовки reebok женские	1145	
модель кроссовок появилась благодаря баскетболу	1144	
японские кроссовки	1144	
кроссовки для силовых	1144	
джа кроссовки	1143	
кроссовки джи	1143	
кроссовки mountain	1143	
озон кроссовки адидас	1140	
кроссовки louis	1139	
диадора кроссовки	1138	
кроссовки рандеву	1138	
кроссовки plus	1138	
число слова кроссовки	1137	
купить высокие кроссовки мужские	1136	
vuitton кроссовки	1136	
кроссовки адидас х	1135	
текстильные кроссовки	1135	
бренды мужских кроссовок	1135	
кроссовки в стиральной машине автомат	1134	
кроссовки мужские женские	1133	
летние кожаные кроссовки	1133	
любимые кроссовки	1133	
странные кроссовки	1132	
зеленый кроссовки мужские	1132	
кроссовки дай	1131	
хочу купить кроссовки	1130	
какая модель кроссовок появилась благодаря	1130	
оригинальные кроссовки nike	1130	
goose кроссовки	1129	
кроссовки женские отзывы	1128	
мужской кроссовки 46	1126	
какая модель кроссовок появилась баскетбол	1126	
light кроссовки	1126	
какая модель кроссовок благодаря баскетболу	1126	
красиво завязывать шнурки кроссовок	1126	
отличия кроссовок	1123	
большие кроссовки купить	1123	
кроссовки nike air low	1121	
кроссовки мужские нью оригинал	1121	
кроссовки аир форс	1121	
предлагаю кроссовки	1121	
зимние кроссовки adidas	1120	
синие кроссовки адидас	1120	
кроссовки размер белый	1120	
кроссовки термит	1119	
купить летние кроссовки женские	1119	
кроссовки k	1118	
говорящие кроссовки	1118	
кроссовки говорят	1118	
кроссовки eblan	1118	
какие кроссовки для зала	1117	
купить кроссовки в спортмастере	1117	
кроссовки ньюбеленс	1116	
balance кроссовки зимние	1116	
кроссовки tr	1115	
кроссовки бег асфальт	1114	
кроссовки с кружевом	1114	
вернуть кроссовки	1114	
газели кроссовки	1113	
на каком режиме стирать кроссовки в стиральной	1112	
какая модель кроссовок появилась благодаря баскетболу	1111	
2 разные кроссовки	1111	
итальянские кроссовки	1111	
синие кроссовки синие джинсы	1111	
кроссовки la	1110	
кроссовки с крыльями джереми	1107	
полнота кроссовок	1105	
кроссовки ua	1105	
кроссовки весна осень	1104	
кроссовки доставка	1104	
premiata кроссовки мужские купить	1104	
полные кроссовки	1104	
кроссовки текстиль	1103	
как определить кроссовки	1102	
кроссовки на танкетке	1102	
кроссовки 6000	1101	
кроссовки new 9060	1100	
adidas черные кроссовки	1100	
купить кроссовка интернет магазин	1098	
кроссовки мужские нью баланс оригинал	1098	
на каком режиме машины стирать кроссовки	1097	
кроссовки выборы	1097	
размеры кроссовок адидас	1096	
кроссовки женские фото	1094	
кроссовки balance 9060	1094	
brooks кроссовки	1091	
кроссовки с колесиками	1091	
кроссовки new balance 9060	1091	
осенние кроссовки мужские	1090	
кроссовки louis vuitton	1089	
мужские кроссовки оригинал москва	1089	
кроссовки бу	1088	
купить кроссовки нью баланс оригинал	1088	
стельки для кроссовок	1087	
кроссовки salomon купить	1086	
кроссовки выбор	1085	
кроссовки обувь ботинки	1085	
кроссовки и кеды купить	1084	
роликовые кроссовки	1083	
кроссовки 530 new	1083	
кроссовки balance 530	1082	
кроссовки во сне	1082	
кроссовки нижний новгород	1081	
кроссовки белая кожа	1079	
пикабу бразилия кроссовки	1078	
как нарисовать кроссовки	1078	
сетчатые кроссовки	1077	
кроссовки перевод	1077	
кроссовки казань	1076	
кроссовки new balance 530	1076	
кроссовки бона мужские	1076	
кроссовки последние	1076	
кроссовки из 90	1075	
кроссовки воронеж	1075	
кроссовки на поле	1074	
кроссовки поло	1073	
кроссовки москва купить оригинал мужские	1073	
белая рубашка белые кроссовки	1073	
кроссовки street	1073	
дутыши кроссовки	1073	
кроссовки пермь	1073	
ozon кроссовки	1071	
кроссовки мужские оригинал цена	1070	
sl кроссовки	1068	
кроссовки сколько с	1068	
модные кроссовки 2025	1067	
какие кроссовки сейчас в моде	1067	
зимние кроссовки new	1066	
модель кроссовок женских	1066	
схема кроссовок	1064	
https кроссовки	1064	
что значат кроссовки на проводах	1064	
что значит кроссовки на проводах	1064	
кроссовки весна лето	1063	
правильная форма кроссовок	1063	
кроссовки для бега по асфальту	1062	
кроссовки мужские 43	1062	
уф уф кроссовки	1062	
какие разные кроссовки	1061	
кроссовки pink	1060	
кроссовки yonex	1060	
какие кроссовки взять	1060	
кроссовки компании	1058	
кожаные демисезонные кроссовки	1058	
кроссовки санкт	1057	
кроссовки маркет	1056	
кроссовки nike 5	1056	
кроссовки чулки	1055	
какие должны быть кроссовки	1055	
украл кроссовки в бразилии	1055	
купить кроссовки nike air	1054	
серии кроссовки	1054	
кроссовки reebok classic	1053	
зимние кроссовки new balance	1053	
рекламная кампания кроссовок yeezy 500	1052	
кроссовки руб	1050	
кроссовки порше	1050	
леброны кроссовки	1049	
адидас москва кроссовки	1048	
кроссовки цветами купить	1048	
кроссовки уфа	1047	
кроссовки адидас спанч боб	1045	
можно ли носить кроссовки	1044	
сайты мужских кроссовок	1044	
кроссовки женские 2025	1043	
кроссовки asics ff	1043	
ответ с кроссовками	1043	
кроссовки санкт петербург	1042	
кроссовки кг	1042	
кроссовки плейн	1041	
что означают кроссовки на проводах	1041	
кроссовки hermes	1039	
массивные кроссовки	1039	
новенький кроссовок	1038	
кроссовки jordan retro	1038	
кроссовки италия	1038	
кроссовки polo	1038	
найк кроссовки летние	1036	
каталоги мужских кроссовок	1034	
кроссовки мужские x	1034	
вместо кроссовок	1034	
новые модели кроссовок	1033	
кроссовки zx 750	1033	
скачать песню кроссовки	1033	
купить мужские кроссовки соломон	1032	
найк кроссовки красные	1031	
высокие кроссовки найк	1030	
кроссовки nike black	1030	
кроссовки 34	1029	
кроссовки лев	1029	
тряпочные кроссовки	1029	
кроссовки ozweego	1029	
кроссовки найк данки	1028	
кроссовки uk	1028	
кроссовки cordura	1028	
кроссовки 4 буквы	1026	
черные зимние кроссовки	1025	
купить кроссовки в новосибирске	1025	
оригинальные ли кроссовки	1025	
кроссовки нью 574	1024	
как очистить кроссовки	1022	
зимние кроссовки рибок	1022	
футболка брюки кроссовки	1019	
etonic кроссовки	1019	
кроссовки guess	1017	
кроссовка александр	1017	
кроссовки адидас с крыльями	1016	
беговые кроссовки найк	1016	
кроссовки лакоста женские	1015	
обувь спортивные кроссовки	1015	
зимние кроссовки москва	1015	
bape кроссовки	1014	
кроссовки серые женские	1014	
кроссовки серого цвета	1014	
американские кроссовки	1011	
купить белые кроссовки женские	1011	
зимние кроссовки соломон	1011	
скрипят кроссовки	1010	
трэвисы кроссовки	1010	
единственное слово кроссовки	1009	
кроссовки александров	1007	
александры кроссовки	1006	
филиппы кроссовки	1005	
кроссовки женские сайта	1003	
джереми скотт кроссовки с крыльями	1003	
черная футболка белые кроссовки	1003	
лет кроссовки купить	1003	
зимние кроссовки на вайлдберриз	1002	
кроссовки треккинговые мужские	1002	
баланс кроссовки 574	1002	
кроссовки аир джордан	1001	
купить кожаные зимние кроссовки	1001	
кроссовки rieker	1000	
новенькие только купленные отцом кроссовки	999	
кроссовки на wildberries	999	
кроссовки конверсы	999	
кроссовки котофей	998	
кроссовки 48	998	
кроссовки golden goose	997	
кроссовки само	997	
кроссовок 3 буквы	996	
kappa кроссовки мужские	995	
голая реклама кроссовок	995	
кроссовки fila женские	995	
кроссовки атлетик	994	
леопардовые кроссовки	993	
магазин оригинальных кроссовок	993	
кроссовки greens	991	
кроссовки rick	991	
кроссовки 90 мужские	989	
кроссовки висят на проводах	989	
рекламная кампания кроссовок yeezy 500 supermoon	989	
купить кроссовки рф	989	
форумы кроссовки	988	
кроссовок сзади	988	
современные кроссовки	987	
кроссовки список	987	
кроссовки timberland	985	
кроссовки calvin	985	
кроссовки nike 4	984	
кроссовки омск	984	
рубашка брюки кроссовки	983	
кроссовки беленсы	983	
единственное число слова кроссовки	981	
самые мужские кроссовки	981	
рекламная кампания кроссовок yeezy 500 supermoon yellow	981	
adidas белые кроссовки	981	
кроссовки для дорожки	980	
кроссовки mind	978	
кроссовки тимберленд	978	
треккинговые кроссовки купить	978	
подлинность кроссовок	977	
tex кроссовки мужские	974	
кроссовки натуральный мех мужские	973	
кроссовки каталог цены	973	
новинки кроссовки	971	
кроссовки owens	971	
тактические кроссовки мужские	970	
официальный сайт мужских кроссовок	970	
кроссовки klein	967	
химчистка кроссовок	967	
кроссовки сбоку	965	
кроссовки сезона	965	
кроссовки спицами	964	
кроссовки для танцев	964	
кроссовки calvin klein	963	
кроссовки новой коллекции	963	
кроссовки диван	962	
100 кроссовок	961	
кроссовки riders	961	
зачем вешают кроссовки	960	
22 кроссовка	960	
для чего вешают кроссовки	958	
кроссовки д	958	
кроссовки детские размеры	957	
кроссовки для волейбола женские	956	
продаются кроссовки	956	
кроссовки 44 размера	955	
необычные кроссовки	955	
простейшая кроссовка	954	
средние кроссовки	954	
девушка в белых кроссовках	953	
какого цветы кроссовки	953	
кроссовки fresh	953	
кроссовки fresher	953	
кроссовки пума белые	953	
женские теннисные кроссовки	952	
кроссовки nike air мужские	951	
все кроссовки подделка	951	
кроссовки носки белые	951	
кроссовки с мембраной	951	
молодежные кроссовки	950	
недорогие кроссовки мужские	949	
ли нинг кроссовки	949	
nike кроссовки какие	949	
rick owens кроссовки	948	
кроссовки он раннинг	948	
интересные кроссовки	947	
цветной кроссовки	946	
кроссовки pulse	945	
купить кроссовки лакоста	945	
кроссовки 574 мужские	944	
купить кроссовки run	944	
купить кроссовки домах	943	
кроссовки маранты	943	
марант кроссовки	943	
суши кроссовки	942	
кроссовки тг	940	
кроссовки из китая	940	
кроссовки nike 1 low	939	
бывают кроссовки	938	
сколько пар кроссовки	938	
кроссовки для повседневной носки	937	
кроссовки 7 6	937	
кроссовок тома	937	
томах кроссовки	937	
кроссовки lacoste мужские	937	
трэвис скотт кроссовки	937	
кроссовки эко	936	
кроссовки найк сколько	936	
кроссовки потом	936	
кроссовки любые	935	
зимние кроссовки баланс	934	
кроссовки мужские gore	934	
кроссовки летние сетка	933	
купить зимние натуральные кроссовки	932	
знаки кроссовок	932	
сколько весят кроссовки	931	
настоящие кроссовки	930	
мужские кроссовки 42	930	
кроссовка деньги	930	
джорданы кроссовки оригинал	929	
название кроссовок 2 разных цветов	929	
кроссовки samba	928	
кроссовки vomero	927	
день рождения кроссовок	926	
dior кроссовки	926	
кроссовки reebok zig	926	
кроссовки экко женские	926	
зимние кроссовки мужские найк	925	
кроссовки gore tex мужские	925	
купить зимние кроссовки с мехом	925	
серебристые кроссовки	924	
кроссовки беларусь	924	
купить кроссовки аир	924	
кроссовки найк где	924	
таблица размеров кроссовок	923	
шнуровка кроссовок варианты	921	
стираем кроссовки в автомате	921	
нью баланс кроссовки 574	921	
рейтинг лучших кроссовок	921	
кроссовки нью беленс	921	
кроссовки женские официальный сайт	920	
кроссовки boss	920	
кроссовки лабутены	920	
рингер кроссовки	919	
кроссовки keen	919	
какие кроссовки цветом бело голубые	919	
кроссовки яндекс маркет	918	
украл кроссовки видео	918	
кроссовки с большой подошвой	917	
stepping кроссовки	917	
steps кроссовки	917	
кроссовки женские купить спб	916	
сколько стоит оригинал кроссовки	915	
кроссовки женские 39	915	
кроссовки на 2026 год	914	
зимние кроссовки кожа мужские	914	
кроссовки найк 1	913	
футболка штаны кроссовки	913	
фото белых кроссовок	913	
кроссовки 001	913	
кроссовки g	912	
кроссовки скетчерс купить	912	
кроссовки хаки	911	
кроссовки за рубль	911	
красный кроссовки женские	911	
кроссовки лево	911	
кроссовки мужские gel	910	
зимние кроссовки мужские оригинал	910	
кроссовки nike и adidas	910	
кроссовки теплые мужские	909	
женские кроссовки 2	909	
кроссовки рибок мужские оригинал	909	
кроссовки коричневые женские	908	
вязаные кроссовки	908	
кроссовки женские бежевые	907	
ты берешь кроссовки	907	
язычок на кроссовках	906	
кроссовки размер черный	906	
кроссовки со скидкой	906	
кроссовки для силовых тренировок	906	
левая кроссовка	905	
кроссовки ральф рингер	904	
кроссовки на осень	904	
кеды кроссовки женские	903	
натуральные кожаные кроссовки	902	
зачем вешают кроссовки на провода	902	
кроссовки с пальцами	902	
купить желтые кроссовки	901	
кроссовки филипп плейн	900	
кроссовки найк аир форс	900	
шнуровка кроссовок красиво	900	
кроссовки nike air low 1	900	
кроссовки скетчерс мужские	899	
кроссовки black white	898	
связанные кроссовки	898	
фотка кроссовок	898	
зимние кроссовки нью	898	
кроссовки air 90	898	
кроссовки puma rs	898	
осирисы кроссовки	897	
кроссовок сабины	896	
кроссовки для работы	896	
кроссовка потерялся	896	
кроссовки майка	895	
кроссовки бело зеленые	894	
купить кроссовки нова	894	
купить брендовые кроссовки	894	
кроссовки 90х	893	
кроссовки 27	893	
кроссовки странные дела	892	
кроссовки женские фирмы	892	
полуботинки кроссовки	890	
размеры кроссовок найк	890	
кроссовки в стиральной машинке	890	
замшевые кроссовки мужские	890	
мани кроссовки	890	
кроссовки мужские зимние купить на озоне	889	
стирать кроссовки температура	888	
размеры кроссовкой найк	887	
кроссовки андер	887	
какие кроссовки для волейбола	887	
озон кроссовки мужские летние	886	
лучшие волейбольные кроссовки	886	
кроссовки примиата	886	
кроссовки run run мужские	886	
кроссовки песок	885	
кроссовки skechers мужские	885	
очень странные кроссовки	885	
кроссовки мужские 46 размер	884	
голая в кроссовках	884	
купила новые кроссовки	883	
кроссовки jordan low	882	
кроссовки nike 90	882	
характеристики кроссовок	882	
3d кроссовки	880	
кроссовки air max 90	880	
очки кроссовки	880	
кроссовки xl	880	
сайт купить кроссовки	880	
мужчина в кроссовках	880	
кроссовки деревья	879	
металлические кроссовки	878	
кроссовки бит	878	
кроссовки сколько рублей	878	
красивые кроссовки мужские	878	
утепленные кроссовки женские	878	
розовые кроссовки адидас	878	
босоножки бутсы гетры кроссовки тапочки туфли	876	
кроссовки разница	874	
мужские кроссовки black	874	
кроссовки мюли	873	
купить кроссовки весна	873	
где кроссовки адидас	872	
кроссовки армор	872	
кроссовки женские каталог	872	
puma lite кроссовки	870	
кроссовки пума черные	870	
кроссовки адидас зимние мужские купить	870	
там кроссовки	869	
кроссовки asics 8	869	
кроссовки асикс гель	869	
кроссовки 35 размер	869	
кроссовки для пар	868	
какие магазины кроссовок	868	
купить спортивные кроссовки	867	
konda кроссовки	867	
кроссовки место	866	
actives кроссовки	866	
купить мужские кроссовки ромика	866	
как растянуть кроссовки	865	
кроссовки adidas black	865	
кроссовки sb dunk	865	
топ бег кроссовки	863	
кроссовки converse	862	
кроссовки коби	862	
желто белые кроссовки	862	
кроссовки стрит	861	
кроссовки лица	861	
кроссовки air jordan retro	860	
беговые кроссовки какие	860	
очень странные дела кроссовки	860	
кроссовки superstar	859	
кроссовки мужские under	859	
топ кроссовок для бега	859	
колготки кроссовки	859	
кроссовки для беговой дорожки	858	
armour кроссовки мужские	858	
кроссовки адидас цена	857	
кроссовки тц	857	
магазины зимних кроссовок	856	
что обозначают кроссовки на	856	
кроссовки nike sb	855	
кроссовки fresh foam	854	
авито купить кроссовки женские	852	
columbia кроссовки мужские	851	
мужские кроссовки asics gel	851	
высокие кроссовки адидас	850	
пали кроссовки	850	
кроссовки o	850	
зимние кроссовки коламбия	849	
магазин кроссовок спб	848	
кроссовки 2000 годов	848	
кроссовки adidas оригинал	847	
снег кроссовки	847	
кроссовки y	847	
under armour кроссовки мужские	847	
телеграмм кроссовки	846	
кроссовки jeans	846	
ты берешь кроссовки твои	846	
найк кроссовки бег	846	
лучшие кроссовки для баскетбола	846	
кроссовки suede	845	
ты берешь кроссовки твои подруги	845	
кроссовки месяца	845	
кроссовки dc shoes	844	
спортмастер каталог кроссовки	843	
кроссовки карри	843	
кроссовки rs x	842	
автомобиль кроссовок	842	
оба кроссовка	842	
волейбольные кроссовки найк	842	
премиата кроссовки оригинал мужские	841	
кроссовки саламандер	841	
кроссовки макс мужские	841	
ты берешь кроссовки твои подруги носят	840	
кроссовки demix мужские	840	
кроссовки адидас zx	839	
купить кроссовки для волейбола	839	
кроссовки перчатки	839	
кроссовки из замши	838	
магазин официальных кроссовок	837	
стирка кроссовок стиральной	837	
зимние беговые кроссовки	836	
кроссовки нев	836	
нескользящие кроссовки	836	
кроссовки zx750	835	
зимняя обувь кроссовки	835	
линейка кроссовок	834	
как красиво завязать кроссовки	834	
зимние кроссовки нью баланс	833	
кроссовки sprandi	833	
кроссовки asics 3	832	
как называются высокие кроссовки	832	
плоские кроссовки	832	
круглые кроссовки	832	
спортивные белые кроссовки	832	
кроссовки найк для бега	832	
купить зимние кроссовки москве	832	
кроссовки турция	829	
в кроссовках можно ходить	829	
кроссовки худи	829	
кроссовки словосочетание	829	
паль кроссовок	828	
poison кроссовки	828	
купить женские кроссовки адидас	828	
тест кроссовок	828	
стирать кроссовки в машине автомат	827	
кроссовки merrell мужские	826	
тн кроссовки	826	
кроссовки nike court	824	
интернет кроссовки женские	823	
кроссовки женские 38	822	
кроссовки 80 годов	822	
air кроссовки женские	822	
кроссовки калининград	822	
кроссовки neo	821	
премиум кроссовки	821	
кроссовки ед	820	
кроссовки буст	820	
лучшие кроссовки для зала	819	
кроссовки женские в спб	819	
кроссовки найк аир мужские	818	
лучшие фирмы кроссовок	818	
кроссовки nike gore	818	
купить кроссовки 1 1 3	818	
спортивные кроссовки черные	817	
кроссовки тусовки	817	
парка кроссовки	817	
две пары кроссовок	816	
кроссовки vapor	816	
кроссовки nike mind	816	
dolce кроссовки	815	
кроссовки ботинки мужские	815	
кроссовки armani	815	
кроссовки жен	814	
красные кроссовки адидас	813	
кроссовка кроссворд	813	
спранди кроссовки	813	
угги кроссовки	812	
мужские кроссовки 47	811	
кроссовки для бега bmai	811	
кроссовки нюбеланс	811	
лижет кроссовки	810	
2 пары кроссовок	810	
фото кроссовок адидас	810	
магазин пара кроссовок	810	
nike gore tex кроссовки	810	
кроссовки gsd	810	
кроссовки со стразами	810	
альтра кроссовки	809	
кроссовки кеды мужская	809	
купить кроссовки со	808	
непромокаемые кроссовки мужские	807	
кроссовки мужские терекс	807	
кроссовки мужские минске	807	
кроссовки бона купить	806	
саукони кроссовки	804	
теннисный кроссовки nike	804	
для чего вешают кроссовки на провода	803	
купить кроссовки balance мужские	803	
кроссовки найк женские купить	803	
летние кроссовки на валберис	802	
лес кроссовки	802	
черные высокие кроссовки	801	
теплые зимние кроссовки	801	
кроссовки tommy	800	
кроссовки динамо	799	
кроссовки для улицы	798	
кроссовки adidas jeremy	798	
сдэк кроссовки	798	
рафы антеи кроссовки	797	
зимние кроссовки пума	797	
кроссовки terra	797	
летние кроссовки оригинал	797	
интернет сайты кроссовок	797	
кроссовки w nike	797	
белые брюки белые кроссовки	796	
элементы кроссовок	796	
кроссовки женские скетчерсы	795	
кроссовки porsche	795	
одна кроссовка полутора километрах	794	
аниме кроссовки	794	
мужские зимние кожаные кроссовки купить	794	
дышащие кроссовки женские	794	
кроссовки для девушек	793	
лучшие бренды кроссовок	792	
кроссовки mizuno купить	792	
интернет магазины женских кроссовок	792	
кроссовки asics gel 8	792	
кроссовки зима женская	792	
найки кроссовки синие	791	